userId,username,name
1,AstaFan,Miquel Mateu
2,BuddieVital,Aleix Marques
3,Chirijadi,Jose Angel Cebrian
4,creticogi,Abdeslam Montesinos
5,kingelis,Gines Pallares
6,Pobla,Luis Antonio Quero
7,SpuffyFar,Pablo Brito
8,Tostahurt,Josu Madrid
9,Boyho,Juan Dios Ferre
10,Bullarma,Nil Saldaña
11,Condesent,Adelina Orozco
12,Condesent,Justa Puente
13,Enjoyaria,Remedios Olmedo
14,Iwantemen,Lara Holgado
15,ManiakPrime,Ana Isabel Domingo
16,PrideSushy,Nicole Arroyo
17,Retadora,Maria Lucia Ariza
18,Sursuladu,Amanda Alcaraz
19,TwitterNsmile,Ane Godoy
20,Broquiosa,Salma Santana
21,Candyuvio,Juan Miguel Tirado
22,Convifica,Ian Tovar
23,Fallsor,Eladio Cortes
24,Kenkantar,Octavio Rocha
25,PeatearSkunky,Marius Afonso
26,Puppyoner,Zakaria Arranz
27,Soltapa,Ander Dieguez
28,Talamento,Francisco Jesus Mateos
29,Uniquerefu,Marius Hernández
30,Deprev6,Ramiro Navarrete
31,SexyLexie,Roque Postigo
32,BeatEat,Lidia Arce
33,BoreWar,Gema Antolin
34,CursedFirst,Marcela Guillen
35,FastNewscast,Florin Recio
36,GrantImplant,Valentin Escribano
37,InsiderSpider,Joan Rosado
38,StealNeil,Guadalupe Colomer
39,BlaseDays,Norberto Cordero
40,FindMind,Aziz Barrios
41,HoppoCapo,Stefan Salguero
42,NearlyMerely,Paola Caparros
43,WillowGo,Herminia Osuna
44,SeeZee,Teresa Mira
45,SnowYau,Eladio Piñeiro
46,UrsonPerson,Bibiana Paredes
47,KawasakiSaki,Khalid Toledano
48,BertieDirty,Pepe Badia
49,DeckTec,Jesica Miralles
50,SonnySunny,Elisabet Nicolas
51,AnnoyJoy,Felix Pellicer
52,BooteeBooty,Bonifacio Andreu
53,CrampVamp,Mariana Nieves
54,IlkMilk,Sacramento Oviedo
55,TugThug,Aurora Riquelme
56,SunnyFunny,Dunia Tejedor
57,PanacheJosh,Davinia Matas
58,CrazyDaisy,Beatriz Liu
59,BringRing,Iker Dominguez
60,WiggyJiggy,Albert Fajardo
61,LugSmug,Miren del Pozo
62,LittleSpittle,Alma Quintana
63,HiKai,Samara Saiz
64,LeavenHeaven,Pelayo Aliaga
65,NetGet,Salome Flores
66,TickerKicker,Herminia Piñeiro
67,HookyCooky,Jacobo Barcelo
68,LieMy,Carlos Alberto Montoro
69,ThinkPink,Marino Benavente
70,GuavaJava,Marcos Antonio Zamorano
71,TeenieTeeny,Rogelio Paredes
72,ShinSin,Abdelaziz Cordoba
73,MissSis,Julio Carreño
74,DarkMark,Damian Miguel
75,CockroachRoach,Abderrahim Betancor
76,LamerGamer,Francesc Xavier Andujar
77,EmbarkShark,Jonatan Zapata
78,BonitaChiquita,Hilario Mora
79,LittleTittle,Marcel Leal
80,RipDip,Luis Alberto Trujillo
81,TalkWalk,Bruno Castro
82,AvatarCar,Mauricio Pacheco
83,BarkPark,Vicent Castello
84,DazeyCrazy,Andoni Poveda
85,FarerBarer,Fidel Mayo
86,RosaZaragoza,Adolfo Perera
87,NeoRio,Pau Gonzales
88,OneFun,Edurne Cervantes
89,TreatTweet,Gaspar de Los Santos
90,ReelReal,David Solis
91,TrevorSever,Tomasa Mejias
92,MuraEuro,Teo Monge
93,VenueVenew,Teofilo Pina
94,MrSister,Javier Echeverria
95,FifeLife,Victoria Amador
96,AlphaAlfa,Joseba Feijoo
97,ThrowPro,Rachida Cantos
98,BecauseWas,Rita Sanz
99,EroticExotic,Cesareo Valera
100,FreeGutsy,Berta Espino
